Abadan,"1) uzaq hám abadan ómir keshirsin dep qoyılǵan ism; 2) elimiz tınısh hám abadan bolsın dep qoyılǵan ism."
Abat,"1) uzaq hám abat ómir kórsin dep qoyılǵan ismler; 2) elimiz abat hám bay bolsın dep qoyılǵan ismler; 3) 2013-jıl — Abat turmıs jılı tuwılǵanı ushın qoyılǵan ismler."
Abatbay,"1) uzaq hám abat ómir kórsin dep qoyılǵan ismler; 2) elimiz abat hám bay bolsın dep qoyılǵan ismler; 3) 2013-jıl — Abat turmıs jılı tuwılǵanı ushın qoyılǵan ismler."
Abatbek,"ómiri uzaq bolsın, aman júrsin dep qoyılǵan ism."
Abatgúl,"1) ómiri abat bolsın, uzaq jasasın dep qoyılǵan ism; 2) ata-anası Abatjaptıń boyında jasaǵan, soǵan baylanıslı qoyılǵan ism."
Abatjan,"ómiri uzaq hám abat bolsın dep qoyılǵan ismler."
Abatniyaz,"ómiri uzaq hám abat bolsın dep qoyılǵan ismler."
Abbaz,"1) dáwjúrek, márt jigit bolsın dep qoyılǵan ism; 2) Qaraqalpaqstan xalıq shayırı, Ózbekstan xalıq jırshısı Abbaz Dabılovtay (1898 — 1970) ataqlı insan bolsın dep qoyılǵan ism; 3) qabaǵın úyip tuwılǵanı ushın qoyılǵan ism."
Avgusta,"avgustta tuwılǵanı ushın qoyılǵan ism."
Aǵabek,"adamlarǵa aǵalıq etip júrsin, abıraylı, húrmetli insan bolsın dep qoyılǵan ism."
Aǵzamatdin,"mártebeli, abıraylı insan bolsın dep qoyılǵan ism."
Ajarbiyke,"sulıw qız bolsın dep qoyılǵan ismler."
Ajargúl,"sulıw qız bolsın dep qoyılǵan ismler."
Ajarxan,"sulıw qız bolsın dep qoyılǵan ismler."
Azada,"kewili haq, ádepli, tazalıqlı hám gózzal qız bolsın dep qoyılǵan ismler."
Azadaxan,"kewili haq, ádepli, tazalıqlı hám gózzal qız bolsın dep qoyılǵan ismler."
Azamat,"1) márt hám batır jigit bolsın dep qoyılǵan ism; 2) el-xalıq ushın xızmet etetuǵın haqıyqıy jigit bolsın dep qoyılǵan ism; 3) úyimizdiń azamatı bolıp júrsin dep qoyılǵan ism."
Azat,"1) azat hám erkin adam bolıp júrsin dep qoyılǵan ism; 2) 9-May – Jeńis kúni bayramında tuwılǵanı ushın qoyılǵan ism; 3) 1991-jılı Ózbekstan Respublikası ǵárezsizlik alǵan jılı tuwılǵanı ushın qoyılǵan ism."
Azatbay,"1) erkin hám baxıtlı insan bolsın dep qoyılǵan ism; 2) ájaǵası tyurmadan tezirek qutılıp kelsin, azat bolsın dep qoyılǵan ism."
Azatbek,"1) azat hám erkin turmıs keshirsin dep qoyılǵan ism; 2) 1965-jılǵı xoleradan azat bolıp, saw-salamat tuwılǵanı ushın qoyılǵan ism."
Azatgúl,"erkin hám baxıtlı turmıs keshirsin dep qoyılǵan ism."
Azima,"aqısta (rus tilinde zima) tuwılǵanı ushın qoyılǵan ism."
Ayar,"ayday sulıw, shıraylı qız bolsın dep qoyılǵan ism."
Aybadan,"sulıw, sımbatlı qız bolsın dep qoyılǵan ism."
Aybazar,"bazar kúni tuwılǵanı ushın qoyılǵan ism."
Aybanu,"sulıw qız bolsın dep qoyılǵan ism."
Aybat,"ǵayratlı, aybatlı, márt hám batır jigit bolsın dep qoyılǵan ismler."
Aybatbay,"ǵayratlı, aybatlı, márt hám batır jigit bolsın dep qoyılǵan ismler."
Aybatbek,"ǵayratlı, aybatlı, márt hám batır jigit bolsın dep qoyılǵan ismler."
Aybáhár,"báhárde tuwılǵanı ushın qoyılǵan ism."
Aybek,"1) beklerdey sawlatlı, abıraylı, mártebeli insan bolsın dep qoyılǵan ism; 2) Ózbekstan xalıq jazıwshısı Aybektey (Musa Tashmuxammedov, 1905 — 1968) ataqlı insan bolsın dep qoyılǵan ism; 3) aylı túnde tuwılǵanı ushın qoyılǵan ism."
Aybergen,"1) «jaqsı, sulıw etip berdi» degen mánide qoyılǵan ism; 2) túnde ay shıqqan payıtta tuwılǵanı ushın qoyılǵan ism; 3) kóp qızdan keyin tuwılǵan balaǵa qoyılǵan ism."
Aybiybi,"sulıw qız bolsın dep qoyılǵan ism."
Aybiyke,"sulıw hám jaqsı úy biykesi bolsın dep qoyılǵan ism."
Aybosın,"sulıw jigit bolsın dep qoyılǵan ismler."
Aybolsın,"sulıw jigit bolsın dep qoyılǵan ismler."
Aygózzal,"ayday shıraylı qız bolsın dep qoyılǵan ism."
Aygúl,"1) ayday sáwleli, gúldey gózzal qız bolsın dep qoyılǵan ism; 2) Ózbekstan hám Qaraqalpaqstan xalıq jazıwshısı, shayır hám dramaturg Jolmırza Aymırzaevtıń (1910 — 1996) «Aygúl — Abat» pesasındaǵı Aygúldey qız bolsın dep qoyılǵan ism; 3) usı qızdan keyingisi ul bala bolsın, Abat bolsın dep qoyılǵan ism; 4) oraza ayında tuwılǵanı ushın qoyılǵan ism."
Aygúljan,"ayday sulıw hám janday áziyz qız bolsın dep qoyılǵan ism."
Aygúmis,"ayday shıraylı hám gúmistey qádirli, áziyz qız bolsın dep qoyılǵan ism."
Aydagúl,"ayday hám gúldey shıraylı qız bolsın dep qoyılǵan ism."
Ayday,"ayday sulıw, shıraylı qız bolsın dep qoyılǵan ismler."
Aydaygúl,"ayday sulıw, shıraylı qız bolsın dep qoyılǵan ismler."
Aydayxan,"ayday sulıw, shıraylı qız bolsın dep qoyılǵan ismler."
Aydana,"1) shıraylı hám aqıllı, dana qız bolsın dep qoyılǵan ism; 2) shańaraqta jalǵız (bir dana) qız bolǵanı ushın qoyılǵan ism."
Aydangúl,"1) aydan da jarıq hám sulıw qız bolsın dep qoyılǵan ism; 2) túnde ay shıǵıp turǵan payıtta tuwılǵanı ushın qoyılǵan ism."
Aydarbek,"«aydar qoyaman» dep atası niyet etip qoyǵan ism."
Aydáwlet,"shıraylı hám dáwletli qız bolsın dep qoyılǵan ism."
Aydos,"1) ata-anasına joldas, es bolıp júrsin dep qoyılǵan ism; 2) ómiri ayday jaqtı bolsın dep qoyılǵan ism; 3) aylı túnde tuwılǵanı ushın qoyılǵan ism; 4) Aydos biyge (1754 — 1827) uqsaǵan watan súygish, elge xızmet etetuǵın insan bolsın dep qoyılǵan ism; 5) dosları, joldasları kóp bolsın dep qoyılǵan ism; 6) aydıń dostı bolsın, kosmonavt bolsın dep qoyılǵan ism."
Aydosbay,"1) ata-anasına joldas, es bolıp júrsin dep qoyılǵan ismler; 2) Aydos biydey (1754 — 1827) eline, xalqına xızmet etetuǵın insan bolsın dep qoyılǵan ismler; 3) dosları, joldasları kóp bolsın dep qoyılǵan ismler."
Aydosbek,"1) ata-anasına joldas, es bolıp júrsin dep qoyılǵan ismler; 2) Aydos biydey (1754 — 1827) eline, xalqına xızmet etetuǵın insan bolsın dep qoyılǵan ismler; 3) dosları, joldasları kóp bolsın dep qoyılǵan ismler."
Aydosbiy,"Aydos biydey (1754 – 1827) elge, xalıqqa xızmet etetuǵın úlken adam bolsın dep qoyılǵan ism."
Aydınay,"1) túnde ay shıǵıp turǵan payıtta tuwılǵanı ushın qoyılǵan ismler; 2) keleshek ómiri ay sıyaqlı jarqın, nurlı bolsın dep qoyılǵan ismler; 3) jolı aydın, nurlı bolsın dep qoyılǵan ismler."
Aydıngúl,"1) túnde ay shıǵıp turǵan payıtta tuwılǵanı ushın qoyılǵan ismler; 2) keleshek ómiri ay sıyaqlı jarqın, nurlı bolsın dep qoyılǵan ismler; 3) jolı aydın, nurlı bolsın dep qoyılǵan ismler."
Aydınbay,"keleshegi aydın, jarqın bolsın dep qoyılǵan ismler."
Aydınbek,"keleshegi aydın, jarqın bolsın dep qoyılǵan ismler."
Ayjamal,"1) ay sıyaqlı júzi jarqırap júrsin, shıraylı, sımbatlı qız bolsın dep qoyılǵan ism; 2) aylı túnde tuwılǵanı ushın qoyılǵan ism."
Ayjan,"1) sulıw hám janday áziyz, qádirli qız bolsın dep qoyılǵan ismler; 2) aylı túnde tuwılǵanı ushın qoyılǵan ismler."
Ayjana,"1) sulıw hám janday áziyz, qádirli qız bolsın dep qoyılǵan ismler; 2) aylı túnde tuwılǵanı ushın qoyılǵan ismler."
Ayjarqın,"júzi ayday jarqın, sulıw qız bolsın dep qoyılǵan ism."
Ayjarıq,"túnde ay shıǵıp turǵan payıtta tuwılǵanı ushın qoyılǵan ism."
Ayjámiyla,"ayday shıraylı qız bolsın dep qoyılǵan ism."
Ayjáhán,"jáhánge belgili gózzal qız bolsın dep qoyılǵan ism."
Ayjuldız,"ay hám juldızlarday jarqırap júrsin dep qoyılǵan ism."
Ayzada,"1) shıraylı hám azada qız bolsın dep qoyılǵan ism; 2) aylı túnde tuwılǵanı ushın qoyılǵan ism; 3) mańlayında ayǵa uqsaǵan shandıǵı menen tuwılǵanı ushın qoyılǵan ism; 4) aydan da ziyada bolsın dep qoyılǵan ism."
Ayzere,"ayday sulıw, altınday (zerdey) qádirli hám mártebeli qız bolsın dep qoyılǵan ism."
Ayziyba,"shıraylı qız bolsın dep qoyılǵan ism."
Ayziyra,"1) ay shıqqan kúni tuwılǵanı ushın qoyılǵan ism; 2) shıraylı qız bolsın dep qoyılǵan ism."
Ayziya,"1) aydan da zıyat sulıw qız bolsın dep qoyılǵan ism; 2) zıyalı qız bolsın dep qoyılǵan ism."
Ayqumar,"qız balaǵa intizar, qumar bolıp júrgende tuwılǵan qızǵa qoyılǵan ism."
Ayquwat,"ata-anasınıń kúsh-quwatı bolıp júrsin dep qoyılǵan ism."
Ayqız,"ayday sulıw, shıraylı qız bolsın dep qoyılǵan ism."
Ayqımbat,"qádirli, qımbatlı, ardaqlı qız bolsın dep qoyılǵan ism."
Aylargúl,"ayları jetpey tuwılǵanı ushın qoyılǵan ism."
Ayluna,"ay (rus tilinde luna) shıqqan payıtta tuwılǵanı ushın qoyılǵan ism."
Ayman,"kewili taza, pák, aymanday qız bolsın dep qoyılǵan ismler."
Aymangúl,"kewili taza, pák, aymanday qız bolsın dep qoyılǵan ismler."
Aymaral,"maralday gózzal, shıraylı qız bolsın dep qoyılǵan ism."
Aymáliyka,"ayday shıraylı qız bolsın dep qoyılǵan ism."
Aymeken,"ayday sulıw, shıraylı qız bolsın dep qoyılǵan ism."
Aymereke,"1) aylı túnde tuwılǵanı ushın qoyılǵan ism; 2) úyinde toy bolǵan kúni tuwılǵanı ushın qoyılǵan ism."
Aymurat,"1) ayday jigit bolsın, keleshekte murat-maqsetine jetip júrsin dep qoyılǵan ism; 2) ómiri ay sıyaqlı jaqtı bolsın dep qoyılǵan ism; 3) aylı túnde tuwılǵanı ushın qoyılǵan ism; 4) 12-Aprel – kosmonavtlar kúni tuwılǵanı ushın qoyılǵan ism."
Aymırza,"1) mırzalıq etip júrsin, el basqarsın dep qoyılǵan ism; 2) Ózbekstan hám Qaraqalpaqstan xalıq jazıwshısı, shayır hám dramaturg Jolmırza Aymırzaevtay (1910 — 1996) belgili insan bolsın dep qoyılǵan ism."
Ayna,"1) aynaday jarqırap júrsin, shıraylı hám hadal, pák, taza qız bolsın dep qoyılǵan ismler; 2) túnde ay shıǵıp turǵan payıtta tuwılǵanı ushın qoyılǵan ismler."
Aynagúl,"1) aynaday jarqırap júrsin, shıraylı hám hadal, pák, taza qız bolsın dep qoyılǵan ismler; 2) túnde ay shıǵıp turǵan payıtta tuwılǵanı ushın qoyılǵan ismler."
Aynajamal,"1) aynaday jarqırap júrsin, shıraylı hám hadal, pák, taza qız bolsın dep qoyılǵan ismler; 2) túnde ay shıǵıp turǵan payıtta tuwılǵanı ushın qoyılǵan ismler."
Aynaxan,"1) aynaday jarqırap júrsin, shıraylı hám hadal, pák, taza qız bolsın dep qoyılǵan ismler; 2) túnde ay shıǵıp turǵan payıtta tuwılǵanı ushın qoyılǵan ismler."
Aynazar,"1) aydıń nurı túsip turǵan payıtta tuwılǵanı ushın qoyılǵan ism; 2) aydıń názeri jawsın dep qoyılǵan ism; 3) sulıw jigit bolsın dep qoyılǵan ism."
Ayniyaz,"aydıń nurı túsip turǵan payıtta tuwılǵanı ushın qoyılǵan ism."
Aynur,"1) aydıń nurınday júzi jarqın bolıp júrsin, shıraylı qız bolsın dep qoyılǵan ism; 2) aydıń nurı túsip turǵan payıtta tuwılǵanı ushın qoyılǵan ism; 3) svet óship qalıp, aydıń jaqtısında tuwılǵanı ushın qoyılǵan ism."
Aynura,"1) júzi aydıń nurınday jarqın bolıp júrsin, shıraylı qız bolsın dep qoyılǵan ism; 2) aydıń nurı túsip turǵan payıtta tuwılǵanı ushın qoyılǵan ism."
Aypara,"ay sıyaqlı sulıw hám ayrıqsha qız bolsın dep qoyılǵan ism."
Ayparsha,"1) ayday sulıw hám múlayım qız bolsın dep qoyılǵan ism; 2) aydıń nurı túsip turǵan waqıtta tuwılǵanı ushın qoyılǵan ism."
Ayparshın,"shıraylı qız bolsın dep qoyılǵan ism."
Aypatsha,"shıraylı, mártebeli, abıraylı hám qádirli qız bolsın dep qoyılǵan ismler."
Aypashsha,"shıraylı, mártebeli, abıraylı hám qádirli qız bolsın dep qoyılǵan ismler."
Ayperde,"perdeli bolıp tuwılǵanı ushın qoyılǵan ism."
Ayperi,"perilerdey sulıw qız bolsın dep qoyılǵan ism."
Aypolat,"polattay bekkem, mıqlı, qarıwlı hám shıdamlı jigit bolsın dep qoyılǵan ism."
Aysapar,"sapar ayında tuwılǵanı ushın qoyılǵan ism."
Aysara,"1) shıraylı qız bolsın, qızlardıń jaqsısı, aǵlası bolıp júrsin dep qoyılǵan ism; 2) aylı túnde tuwılǵanı ushın qoyılǵan ism; 3) sarı qız bolıp tuwılǵanı ushın qoyılǵan ism."
Aysánem,"1) ayday shıraylı qız bolsın dep qoyılǵan ism; 2) aylı túnde tuwılǵanı ushın qoyılǵan ism."
Aysáwle,"1) aydıń sáwlesi túsip turǵan payıtta tuwılǵanı ushın qoyılǵan ism; 2) júzi aydıń sáwlesindey jarqın, sulıw qız bolsın dep qoyılǵan ism; 3) ómiri aydıń sáwlesindey tınıq, baxıtlı bolsın dep qoyılǵan ism; 4) aydıń sáwlesindey nur shashıp júrsin dep qoyılǵan ism."
Aysen,"ayday sulıw qız bolsın dep qoyılǵan ism."
Aysultan,"1) usı qızdan keyingisi ul bala bolsın degen niyet penen qoyılǵan ism; 2) qızlardıń aǵlası, xanım bolıp júrsin dep qoyılǵan ism; 3) ayday shıraylı qız bolsın dep qoyılǵan ism."
Aysulıw,"1) shıraylı qız bolsın dep qoyılǵan ism; 2) aydıń nurı túsip turǵan payıtta tuwılǵanı ushın qoyılǵan ism."
Aytbay,"1) hayıt kúnleri tuwılǵanı ushın qoyılǵan ism; 2) ayteke urıwınıń balası bolǵanı ushın qoyılǵan ism."
Aytbek,"1) hayıt kúnleri tuwılǵanı ushın qoyılǵan ism; 2) aytqan sózin orınlata alatuǵın basshı bolsın dep qoyılǵan ism."
Aytbiyke,"hayıt kúnleri tuwılǵanı ushın qoyılǵan ismler."
Aytgúl,"hayıt kúnleri tuwılǵanı ushın qoyılǵan ismler."
Aytenbay,"hayıt kúnleri tuwılǵanı ushın qoyılǵan ism."
Aytjan,"hayıt kúnleri tuwılǵanı ushın qoyılǵan ism."
Aytilew,"ul balaǵa mútáj bolıp júrgende kórgen balaǵa qoyılǵan ism."
Aytilla,"ayday sulıw, altınday qádirli, áziyz qız bolsın dep qoyılǵan ism."
Aytmámbethayıt kúnleri tuwılǵanı ushın qoyılǵan ism.
Aytmurat,"hayıt kúnleri tuwılǵanı ushın qoyılǵan ism."
Aytnazar,"hayıt kúnleri tuwılǵanı ushın qoyılǵan ism."
Aytniyaz,"hayıt kúnleri tuwılǵanı ushın qoyılǵan ism."
Aytolǵan,"ay tolısıp turǵan kúni tuwılǵanı ushın qoyılǵan ism."
Aytóre,"tórelik etip júrsin, húrmetli, abıraylı insan bolsın dep qoyılǵan ism."
Aytumar,"ata-anasınıń tumarı bolıp júrsin dep qoyılǵan ism."
Aytuwar,"ay shıqqan payıtta tuwılǵanı ushın qoyılǵan ismler."
Aytuwǵan,"ay shıqqan payıtta tuwılǵanı ushın qoyılǵan ismler."
Aytımbet,"1) hayıt kúnleri tuwılǵanı ushın qoyılǵan ism; 2) aylı túnde tuwılǵanı ushın qoyılǵan ism."
Ayxan,"1) shıraylı qız bolsın dep qoyılǵan ismler; 2) aylı túnde tuwılǵanı ushın qoyılǵan ismler."
Ayxansha,"1) shıraylı qız bolsın dep qoyılǵan ismler; 2) aylı túnde tuwılǵanı ushın qoyılǵan ismler."
Ayxanım,"1) shıraylı qız bolsın dep qoyılǵan ismler; 2) aylı túnde tuwılǵanı ushın qoyılǵan ismler."
Aysha,"1) Muxammed payǵambardıń hayalınday mártebeli qız bolsın dep qoyılǵan ismler; 2) ayday sulıw qız bolsın dep qoyılǵan ismler."
Ayshabiybi,"1) Muxammed payǵambardıń hayalınday mártebeli qız bolsın dep qoyılǵan ismler; 2) ayday sulıw qız bolsın dep qoyılǵan ismler."
Ayshabiyke,"1) Muxammed payǵambardıń hayalınday mártebeli qız bolsın dep qoyılǵan ismler; 2) ayday sulıw qız bolsın dep qoyılǵan ismler."
Ayshagúl,"1) Muxammed payǵambardıń hayalınday mártebeli qız bolsın dep qoyılǵan ismler; 2) ayday sulıw qız bolsın dep qoyılǵan ismler."
Ayshaxan,"1) Muxammed payǵambardıń hayalınday mártebeli qız bolsın dep qoyılǵan ismler; 2) ayday sulıw qız bolsın dep qoyılǵan ismler."
Aysheker,"ayday sulıw, shekerdey shiyrin, súykimli, qádirli qız bolsın dep qoyılǵan ism."
Aysholpan,"1) ay hám Sholpan juldızınday jarqırap, nurlı bolsın dep qoyılǵan ism; 2) ay shıǵıp, tań juldızı kórinip turǵan payıtta tuwılǵanı ushın qoyılǵan ism."
Ayshınar,"shınar terektey kóp jasasın, uzın boylı, shıraylı qız bolsın dep qoyılǵan ism."
Ayım,"ayday sulıw qız bolsın qoyılǵan ismler."
Ayımbiybi,"ayday sulıw qız bolsın qoyılǵan ismler."
Ayımbiyke,"ayday sulıw qız bolsın qoyılǵan ismler."
Ayımbet,"aylı túnde tuwılǵanı ushın qoyılǵan ism."
Ayımgúl,"ayday sulıw, gúldey shıraylı qız bolsın dep qoyılǵan ism."
Ayımjamal,"ayday shıraylı, sımbatlı qız bolsın dep qoyılǵan ismler."
Ayımsulıw,"ayday shıraylı, sımbatlı qız bolsın dep qoyılǵan ismler."
Ayımjan,"1) ayday sulıw, janday áziyz qız bolsın dep qoyılǵan ism; 2) aylı túnde tuwılǵanı ushın qoyılǵan ism."
Ayımpatsha,"shıraylı hám mártebeli qız bolsın dep qoyılǵan ismler."
Ayımpashsha,"shıraylı hám mártebeli qız bolsın dep qoyılǵan ismler."
Ayımxan,"1) ay júzli shıraylı qız bolsın dep qoyılǵan ism; 2) SSSR xalıq artisti, Ózbekstan hám Qaraqalpaqstan xalıq artisti Ayımxan Shamuratovaday (1917 — 1993) ataqlı insan bolsın degen niyet te qoyılǵan ism."
Aqbiybi,"aq júzli shıraylı qız bolsın dep qoyılǵan ismler."
Aqbiyke,"aq júzli shıraylı qız bolsın dep qoyılǵan ismler."
Aqgúl,"aq júzli shıraylı qız bolsın dep qoyılǵan ismler."
Aqqız,"aq júzli shıraylı qız bolsın dep qoyılǵan ismler."
Aqgúmis,"shıraylı hám gúmistey qádirli, áziyz qız bolsın dep qoyılǵan ism."
Aqdáwlet,"shıraylı hám ırısqı-nesiybeli, dáwletli qız bolsın dep qoyılǵan ism."
Aqjan,"aq kewil, hadal, taza insan bolsın dep qoyılǵan ism."
Aqziyra,"appaq shıraylı qız bolsın dep qoyılǵan ism."
Aqlıyma,"aqıllı, esli, zeyinli qız bolsın dep qoyılǵan ism."
Aqmaral,"maralday sulıw qız bolsın dep qoyılǵan ism."
Aqmarjan,"marjanday qádirli, áziyz qız bolsın dep qoyılǵan ism."
Aqnazar,"1) Allanıń názeri, mehiri túsip, bizge perzent berdi dep qoyılǵan ism; 2) Allanıń (Haqtıń) názeri, mehiri túsip júrsin dep qoyılǵan ism."
Aqpolat,"polattay bekkem, mıqlı, qarıwlı, shıdamlı jigit bolsın dep qoyılǵan ism."
Aqsáwle,"júzi aydıń nurı sıyaqlı jarqın bolıp júrsin, shıraylı qız bolsın dep qoyılǵan ism."
Aqsulıw,"aq júzli shıraylı qız bolsın dep qoyılǵan ism."
Aqsıńgúl,"1) kewili haq, gúldey sulıw qız bolsın dep qoyılǵan ism; 2) ómir jolı aq, suwday tınıq bolsın dep qoyılǵan ism; 3) qaraqalpaq xalıq shayırı Jańabay Qaratay ulınıń (1890 — 1926) «Aqsúńgúl» atlı qosıǵına baylanıslı qoyılǵan ism; 4) qazayaqlı urıwınıń qızı bolǵanı ushın qoyılǵan ism; 5) urıwı qazayaqlı dayıları tárepinen qoyılǵan ism."
Aqshabiyke,"1) shıraylı qız bolsın dep qoyılǵan ism; 2) aqshası kóp, dáwletli qız bolsın dep qoyılǵan ism; 3) aqsha qar jawǵan kúni tuwılǵanı ushın qoyılǵan ism."
Aqshagúl,"1) appaq shıraylı qız bolsın dep qoyılǵan ism; 2) aqsha qar jawıp turǵan payıtta tuwılǵanı ushın qoyılǵan ism; 3) qaltası bárqulla aqshaǵa tolı bolıp júrsin, bay, dáwletli qız bolsın dep qoyılǵan ism; 4) usı qız tuwılǵan kúni birew aynanıń aldına gúl menen aqsha qoyıp ketkeni ushın qoyılǵan ism; 5) kempir apası aqshagúldi jaqsı kórgeni ushın qoyılǵan ism."
Aqsholpan,"shıraylı qız bolsın, tań juldızı Sholpanday jarqırap júrsin dep qoyılǵan ism."
Aqılaya,"aqıllı, esli, sanalı qız bolsın dep qoyılǵan ismler."
Aqılbiyke,"aqıllı, esli, sanalı qız bolsın dep qoyılǵan ismler."
Aqılbay,"aqıllı, bilimli, zeyinli bala bolsın dep qoyılǵan ismler."
Aqılbek,"aqıllı, bilimli, zeyinli bala bolsın dep qoyılǵan ismler."
Aqılbergen,"aqıllı, bilimli, zeyinli bala bolsın dep qoyılǵan ismler."
Aqıljan,"aqıllı, bilimli, zeyinli bala bolsın dep qoyılǵan ismler."
Allabay,"«Alla bizge ul perzent berdi» dep qoyılǵan ismler."
Allabek,"«Alla bizge ul perzent berdi» dep qoyılǵan ismler."
Allambay,"«Alla bizge ul perzent berdi» dep qoyılǵan ismler."
Allambek,"«Alla bizge ul perzent berdi» dep qoyılǵan ismler."
Allabergen,"«Alla bizge perzent berdi» dep qoyılǵan ismler."
Allaberdi,"«Alla bizge perzent berdi» dep qoyılǵan ismler."
Allambergen,"«Alla bizge perzent berdi» dep qoyılǵan ismler."
Allamberdi,"«Alla bizge perzent berdi» dep qoyılǵan ismler."
Allaquwat,"Alla bizge perzent inam etti, quwat berdi dep qoyılǵan ism."
Allamatdin,"Alla bizge perzent berdi, inam etti dep qoyılǵan ism."
Allamjar,"«Alla jarılqap, bizge perzent berdi» dep qoyılǵan ism."
Allamurat,"1) «Allanıń ózi murat-maqsetimizge jetkerdi» dep qoyılǵan ism; 2) Allanıń ózi balanı murat-maqsetine jetkersin dep qoyılǵan ism."
Allanazar,"1) «Allanıń názeri, mehiri túsip, bizge perzent berdi» dep qoyılǵan ism; 2) «Allanıń názeri, mehiri túsip, qollap júrsin» degen tilek penen qoyılǵan ism."
Allaniyaz,"1) «Alladan tilenip, soranıp alǵan bala» degen mánide qoyılǵan ism; 2) Alla yar bolsın dep qoyılǵan ism; 3) Ózbekstan Qaharmanı, Ózbekstan xalıq muǵallimi Allaniyaz Óteniyazovtay (1937 – 2006) miynetkesh adam bolsın dep qoyılǵan ism."
Allashúkir,"usı balanı bergeni, inam etkeni ushın Allaǵa shúkirlik etemiz dep qoyılǵan ism."
Allayar,"1) Alla qollap, yar bolıp júrsin degen tilek penen qoyılǵan ism; 2) mámleketlik ǵayratker Allayar Dosnazarovtay (1896 – 1937) elge belgili insan bolsın degen tilekte qoyılǵan ism; 3) «Alla yar boldı, aman janım qaldı», — dep anası qoyǵan ism."
Allayarkeldi,"Alla yar bolıp, ul bala tuwıldı dep qoyılǵan ism."
Almabiyke,"1) alma terekleri gúllep atırǵan payıtta tuwılǵanı ushın qoyılǵan ism; 2) almanıń gúlindey sulıw qız bolsın dep qoyılǵan ism; 3) almalar pisken waqıtta tuwılǵanı ushın qoyılǵan ism; 4) almaday sulıw qız bolsın dep qoyılǵan ism."
Almagúl,"1) almanıń gúlindey shıraylı qız bolsın dep qoyılǵan ism; 2) alma terekleri gúllegen payıtta tuwılǵanı ushın qoyılǵan ism; 3) almalar pisken waqıtta tuwılǵanı ushın qoyılǵan ism; 4) «qızımdı alma, tiyme, ólmesin, jasasın» dep qoyılǵan ism; 5) anası usı qızǵa eki qabat waqtında almaǵa jerik bolǵanı ushın qoyılǵan ism; 6) Alma-Ata qalasında tuwılǵanı ushın qoyılǵan ism; 7) atası Alma-Atada saparda júrgende tuwılǵan qızǵa qoyılǵan ism."
Almaǵanbet,"Allam maǵan perzent berdi, inam etti dep qoyılǵan ism."
Almaz,"almazday bekkem hám qımbatlı bolsın dep qoyılǵan ism."
Almasbay,"sózleri almastay keskir, ótkir hám bekkem jigit bolsın dep qoyılǵan ismler."
Almasbek,"sózleri almastay keskir, ótkir hám bekkem jigit bolsın dep qoyılǵan ismler."
Almaxan,"1) alma terekleri gúllegen payıtta tuwılǵanı ushın qoyılǵan ism; 2) anası usı qızǵa eki qabat waqtında almaǵa jerik bolǵanı ushın qoyılǵan ism; 3) atasınıń alma baǵı bolǵanı ushın qoyılǵan ism; 4) almaǵa uqsaǵan jumalaq sulıw qız bolsın dep qoyılǵan ism; 5) almaxanday (tıyınday) sulıw qız bolsın dep qoyılǵan ism; 6) almaxannıń (tıyınnıń) tisindey ótkir hám bekkem qız bolsın dep qoyılǵan ism."
Alpamıs,"1) «Alpamıs» dástanındaǵı Alpamıstay batır, dáwjúrek, elge belgili jigit bolsın dep qoyılǵan ism; 2) iri bolıp tuwılǵanı ushın qoyılǵan ism."
Alpısbay,"1) ákesi alpıs jasqa shıqqanda tuwılǵan balaǵa qoyılǵan ism; 2) atası alpıs jasqa shıqqanda tuwılǵan balaǵa qoyılǵan ism; 3) kempir apası alpıs jasqa shıqqanda tuwılǵan balaǵa qoyılǵan ism; 4) jası alpıstan ótsin degen tilek penen qoyılǵan ism; 5) 1960-jılı tuwılǵanı ushın qoyılǵan ism."
Altıbay,"qolı yamasa ayaǵındaǵı barmaqları altaw bolıp tuwılǵanı ushın qoyılǵan ism."
Altın,"altınday qádirli, áziyz qız bolsın dep qoyılǵan ism."
Altınay,"1) altınday qádirli, áziyz hám ayday sulıw qız bolsın dep qoyılǵan ism; 2) bay-dáwletli qız bolsın dep qoyılǵan ism; 3) sarı qız bolıp tuwılǵanı ushın qoyılǵan ism; 4) gúzde tuwılǵanı ushın qoyılǵan ism; 5) altınday salmaqlı hám sımbatlı qız bolsın dep qoyılǵan ism."
Altınbay,"altınday qádirli, áziyz adam bolsın dep qoyılǵan ismler."
Altınbek,"altınday qádirli, áziyz adam bolsın dep qoyılǵan ismler."
Altınbiybi,"altınday qádirli, áziyz qız bolsın dep qoyılǵan ismler."
Altınbiyke,"altınday qádirli, áziyz qız bolsın dep qoyılǵan ismler."
Altıngúl,"1) altınday qádirli, áziyz qız bolsın dep qoyılǵan ism; 2) gúzde tuwılǵanı ushın qoyılǵan ism; 3) gúzde paxta planı orınlanıp atırǵan payıtta tuwılǵanı ushın qoyılǵan ism; 4) anası altın júzik, altın sırǵa sıyaqlı zatlarǵa háwes bolǵanı ushın qoyılǵan ism; 5) Qanlıkól rayonındaǵı Altınkól degen jerde tuwılǵanı ushın qoyılǵan ism; 6) ómiri altınday jaltırap, jarqırap júrsin dep qoyılǵan ism; 7) sarı qız bolıp tuwılǵanı ushın qoyılǵan ism."
Altınshash,"shashları sarı bolıp tuwılǵanı ushın qoyılǵan ism."
Alfiya,"1) ómiri uzaq bolsın dep qoyılǵan ism; 2) Alp tawlarınday mártebesi biyik qız bolsın dep qoyılǵan ism."
Alımbay,"ilimpaz, bilimli adam bolsın dep qoyılǵan ismler."
Alımbek,"ilimpaz, bilimli adam bolsın dep qoyılǵan ismler."
Alımjan,"ilimpaz, bilimli adam bolsın dep qoyılǵan ismler."
Albert,"fizik Albert Eynshteyndey (1879 – 1955) ataqlı adam bolsın dep qoyılǵan ism."
Aman,"1) aman júrsin, ómiri uzaq bolsın dep qoyılǵan ismler; 2) «oshaq basımızda amanlıq bolǵay» degen tilek penen qoyılǵan ismler; 3) «bala aman-esen tuwıldı» dep qoyılǵan ismler; 4) ájaǵası armiyadan aman-esen kelsin dep qoyılǵan ismler; 5) ájaǵası tyurmadan aman kelsin degen niyet penen qoyılǵan ismler."
Amanbay,"1) aman júrsin, ómiri uzaq bolsın dep qoyılǵan ismler; 2) «oshaq basımızda amanlıq bolǵay» degen tilek penen qoyılǵan ismler; 3) «bala aman-esen tuwıldı» dep qoyılǵan ismler; 4) ájaǵası armiyadan aman-esen kelsin dep qoyılǵan ismler; 5) ájaǵası tyurmadan aman kelsin degen niyet penen qoyılǵan ismler."
Amanbek,"aman júrsin, uzaq ómir kórsin dep qoyılǵan ism."
Amanbiybi,"aman júrsin, ómiri uzaq bolsın dep qoyılǵan ismler."
Amanbiyke,"aman júrsin, ómiri uzaq bolsın dep qoyılǵan ismler."
Amangeldi,"1) «bala aman-esen tuwıldı» dep qoyılǵan ism; 2) «denleri saw bolsın, aman júrsin» degen tilek penen qoyılǵan ism; 3) ákesi sapardan aman-esen qaytsın dep qoyılǵan ism; 4) ákesi sapardan kelgen kúnleri tuwılǵan balaǵa qoyılǵan ism; 5) ájaǵası armiyadan kelgen kúnleri tuwılǵan balaǵa qoyılǵan ism; 6) ájaǵası armiyaǵa aman barıp kelsin dep qoyılǵan ism; 7) qaraqalpaq ádebiyatınıń klassigi Berdaqtıń (1827 – 1900) «Amangeldi» shıǵarmasındaǵı Amangeldidey márt, batır bolsın dep qoyılǵan ism; 8) anası qıdırıp barǵan jerine aman-esen jetip bosanǵanı ushın qoyılǵan ism; 9) ákesi tyurmadan aman kelsin dep qoyılǵan ism; 10) ákesi armiyaǵa ketkende tuwılǵan, «aman kelsin» dep qoyılǵan ism."
Amangúl,"1) aman júrsin, ómiri uzaq bolsın dep qoyılǵan ism; 2) «usı qız shańaraǵımızǵa amanlıq alıp kelgey» dep qoyılǵan ism; 3) aldınǵı perzentleri qaytıs bola bergeni ushın, «mına qızım aman qalsın» dep qoyılǵan ism; 4) ákesi armiyadan aman kelsin dep qoyılǵan ism; 5) ájaǵası armiyadan aman-esen kelsin dep qoyılǵan ism; 6) Socialistiik miynettiń qaharmanı Amangúl Saparbaevaday (1925 – 1992) miynetkesh insan bolsın dep qoyılǵan ism."
Amanjan,"janı aman bolsın, uzaq ómir kórsin dep qoyılǵan ismler."
Amanqul,"janı aman bolsın, uzaq ómir kórsin dep qoyılǵan ismler."
Amanlepes,"janı aman bolsın, uzaq ómir kórsin dep qoyılǵan ismler."
Amanjol,"1) jolı ashıq hám taza bolsın, aman júrsin degen tilek penen qoyılǵan ism; 2) anası jolda baratırıp bosanǵanı ushın qoyılǵan ism."
Amanlıq,"1) aman júrsin, ómir jası uzaq bolsın dep qoyılǵan ism; 2) endigi jaǵı amanlıq bolǵay, qıyınshılıq kórmegeymiz dep qoyılǵan ism; 3) shańaraǵımızǵa amanlıq alıp kelsin dep qoyılǵan ism."
Amanniyaz,"aman júrsin, uzaq ómir kórsin dep qoyılǵan ism."
Amantay,"1) aman júrsin, ómiri uzaq bolsın dep qoyılǵan ism; 2) aman-esen tuwılǵanı ushın qoyılǵan ism."
Amantur,"tursın, jasasın dep qoyılǵan ism."
Anar,"1) denesinde qızıl qal bolǵanı ushın qoyılǵan ism; 2) júzi qızarıp tuwılǵanı ushın qoyılǵan ism; 3) ómiri anardıń suwınday mazalı bolsın, anardıń dánesindey ónip-óssin dep qoyılǵan ism."
Anara,"1) denesiniń bir jerinde qızıl qal bolǵanı ushın qoyılǵan ism; 2) anardıń miywesindey ózinen kóbeysin dep qoyılǵan ism."
Anarbiybi,"1) denesinde qızıl qal bolǵanı ushın qoyılǵan ismler; 2) anardıń dánelerindey ónip-óssin dep qoyılǵan ismler."
Anarbiyke,"1) denesinde qızıl qal bolǵanı ushın qoyılǵan ismler; 2) anardıń dánelerindey ónip-óssin dep qoyılǵan ismler."
Anarjan,"1) denesinde qızıl qal bolǵanı ushın qoyılǵan ismler; 2) anardıń dánelerindey ónip-óssin dep qoyılǵan ismler."
Anargúl,"1) anardıń gúlindey shıraylı qız bolsın dep qoyılǵan ism; 2) anarǵa uqsaǵan sulıw qız bolsın dep qoyılǵan ism; 3) anar terekleri gúllep atırǵan payıtta tuwılǵanı ushın qoyılǵan ism; 4) denesinde qızıl qal menen tuwılǵanı ushın qoyılǵan ism; 5) anası usı qızǵa eki qabat waqtında anardıń suwına jerik bolǵanı ushın qoyılǵan ism; 6) anası anardı jaqsı kóretuǵın bolǵanı ushın qoyılǵan ism."
Anarsulıw,"anarǵa uqsaǵan shıraylı qız bolsın dep qoyılǵan ism."
Anarxan,"1) anardıń gúlindey sulıw qız bolsın dep qoyılǵan ism; 2) denesiniń bir jerinde qızıl qal menen tuwılǵanı ushın qoyılǵan ism."
Andıbay,"An-2 (russha An-dva) samolyotında baratırıp tuwılǵanı ushın qoyılǵan ism."
Anna,"anna urıwınıń qızı bolǵanı ushın qoyılǵan ism."
Annabay,"anna urıwınıń balası bolǵanı ushın qoyılǵan ism."
Annaqul,"juma kúni tuwılǵanı ushın qoyılǵan ism."
Ańsatbay,"1) qıyınshılıqsız ańsat ǵana tuwılǵanı ushın qoyılǵan ismler; 2) ómirinde óz ornın ańsat tawıp júrsin, ómir jolı ańsat bolsın dep qoyılǵan ismler; 3) birinshi perzent bolǵanı ushın, «ómir jolımız ańsat bolsın» dep qoyılǵan ismler; 4) bala qıyınshılıq penen tuwılǵanı ushın, «keyingi ómiri endi ańsat bolsın» dep qoyılǵan ismler; 5) múshkili ańsat, miyneti jeńil bolsın dep qoyılǵan ismler; 6) ómiri ańsat keshsin, qıyınshılıq kórmesin dep qoyılǵan ismler."
Ańsatbek,"1) qıyınshılıqsız ańsat ǵana tuwılǵanı ushın qoyılǵan ismler; 2) ómirinde óz ornın ańsat tawıp júrsin, ómir jolı ańsat bolsın dep qoyılǵan ismler; 3) birinshi perzent bolǵanı ushın, «ómir jolımız ańsat bolsın» dep qoyılǵan ismler; 4) bala qıyınshılıq penen tuwılǵanı ushın, «keyingi ómiri endi ańsat bolsın» dep qoyılǵan ismler; 5) múshkili ańsat, miyneti jeńil bolsın dep qoyılǵan ismler; 6) ómiri ańsat keshsin, qıyınshılıq kórmesin dep qoyılǵan ismler."
Aralbay,"1) Moynaqta tuwılǵanı ushın qoyılǵan ism; 2) Aral teńizindey tasıp, dáwletli adam bolsın dep qoyılǵan ism; 3) kewili teńizdey keń bolsın dep qoyılǵan ism; 4) aralbay urıwınıń balası bolǵanı ushın qoyılǵan ism; 5) Moynaq rayonındaǵı Aral awılında tuwılǵanı ushın qoyılǵan ism; 6) Aral teńizi tolsın degen niyet penen qoyılǵan ism."
Arapat,"Arapat tawınday biyik mártebeli jigit bolsın dep qoyılǵan ismler."
Arapatdin,"Arapat tawınday biyik mártebeli jigit bolsın dep qoyılǵan ismler."
Arzayım,"1) arzıytuǵın, múnásip, ılayıq qız bolsın dep qoyılǵan ism; 2) qız balanıń tuwılıwın kóp jıl ańsap kútkeni ushın qoyılǵan ism; 3) ar-namıslı, hújdanlı qız bolsın dep qoyılǵan ism."
Arzıbay,"1) ul balanı arzıw-árman etip júrgende tuwılǵan balaǵa qoyılǵan ismler; 2) arzıytuǵın, múnásip, ılayıq adam bolsın dep qoyılǵan ismler."
Arzıbek,"1) ul balanı arzıw-árman etip júrgende tuwılǵan balaǵa qoyılǵan ismler; 2) arzıytuǵın, múnásip, ılayıq adam bolsın dep qoyılǵan ismler."
Arzıbiybi,"1) qızdı qattı ańsap, arzıw etip júrgende tuwılǵan qızǵa qoyılǵan ismler; 2) arzıw-úmitleri ámelge asıp júrgey dep qoyılǵan ismler; 3) arzıytuǵın, múnásip, ılayıq qız bolsın dep qoyılǵan ismler."
Arzıbiyke,"1) qızdı qattı ańsap, arzıw etip júrgende tuwılǵan qızǵa qoyılǵan ismler; 2) arzıw-úmitleri ámelge asıp júrgey dep qoyılǵan ismler; 3) arzıytuǵın, múnásip, ılayıq qız bolsın dep qoyılǵan ismler."
Arzıgúl,"1) qızdı arzıw (úmit) etip júrgende tuwılǵan qızǵa qoyılǵan ism; 2) arzıw-úmitleri orınlanıp júrsin dep qoyılǵan ism; 3) arzıytuǵın, múnásip, ılayıq qız bolsın dep qoyılǵan ism; 4) Ózbekstan hám Qaraqalpaqstan xalıq artisti Arzıgúl Atamuratovaday (1923 – 2016) ataqlı qosıqshı bolsın dep qoyılǵan ism."
Arzımámbet,"ul balanı arzıw-árman etip júrgende tuwılǵan balaǵa qoyılǵan ismler."
Arzımbet,"ul balanı arzıw-árman etip júrgende tuwılǵan balaǵa qoyılǵan ismler."
Arzımurat,"arzıw-ármanımız orınlandı dep qoyılǵan ism."
Arzıwayım,"arzıw-árman etip júrgende tuwılǵan qızǵa qoyılǵan ism."
Arzıwbay,"1) arzıwımızǵa jettik dep qoyılǵan ismler; 2) oylaǵan arzıw-ármanlarına erisip júrsin dep qoyılǵan ismler."
Arzıwbek,"1) arzıwımızǵa jettik dep qoyılǵan ismler; 2) oylaǵan arzıw-ármanlarına erisip júrsin dep qoyılǵan ismler."
Arzıwxan,"1) qızdı arzıw-árman etip júrgende tuwılǵan qızǵa qoyılǵan ism; 2) usı qızdan keyingisi ul bala bolsın dep qoyılǵan ism."
Arzıxan,"1) uzaq jıldan keyin perzentli bolǵanı ushın qoyılǵan ism; 2) arzıytuǵın perzent bolsın dep qoyılǵan ism."
Artıqbay,"1) hámme nársesi artıq bolıp júrsin, qatarınan kem bolmasın dep qoyılǵan ism; 2) denesinde qanday da bir artıqsha belgi menen tuwılǵanı ushın qoyılǵan ism; 3) usı baladan keyin qız tuwılsın degen tilek penen qoyılǵan ism."
Artıqbiyke,"1) nesiybesi kem bolmasın dep qoyılǵan ismler; 2) denesiniń bir jerinde qanday da artıqsha belgi menen tuwılǵanı ushın qoyılǵan ismler; 3) qızlar jeterli boldı, endigisi ul bala bolsın degen tilek penen qoyılǵan ismler."
Artıqgúl,"1) nesiybesi kem bolmasın dep qoyılǵan ismler; 2) denesiniń bir jerinde qanday da artıqsha belgi menen tuwılǵanı ushın qoyılǵan ismler; 3) qızlar jeterli boldı, endigisi ul bala bolsın degen tilek penen qoyılǵan ismler."
Arıslan,"1) arıslanday aybatlı, júrekli, kúshli jigit bolsın dep qoyılǵan ismler; 2) Barıs jılı tuwılǵanı ushın qoyılǵan ismler; 3) «Qırıq qız» dástanındaǵı Arıslanday jigit bolsın dep qoyılǵan ismler; 4) Qaraqalpaqstan xalıq shayırı, Ózbekstan xalıq jırshısı Abbaz Dabılovtıń (1898 — 1970) «Bahadır» dástanındaǵı Arıslanday jigit bolsın dep qoyılǵan ismler."
Arıslanbay,"1) arıslanday aybatlı, júrekli, kúshli jigit bolsın dep qoyılǵan ismler; 2) Barıs jılı tuwılǵanı ushın qoyılǵan ismler; 3) «Qırıq qız» dástanındaǵı Arıslanday jigit bolsın dep qoyılǵan ismler; 4) Qaraqalpaqstan xalıq shayırı, Ózbekstan xalıq jırshısı Abbaz Dabılovtıń (1898 — 1970) «Bahadır» dástanındaǵı Arıslanday jigit bolsın dep qoyılǵan ismler."
Arıslanbek,"1) arıslanday aybatlı, júrekli, kúshli jigit bolsın dep qoyılǵan ismler; 2) Barıs jılı tuwılǵanı ushın qoyılǵan ismler; 3) «Qırıq qız» dástanındaǵı Arıslanday jigit bolsın dep qoyılǵan ismler; 4) Qaraqalpaqstan xalıq shayırı, Ózbekstan xalıq jırshısı Abbaz Dabılovtıń (1898 — 1970) «Bahadır» dástanındaǵı Arıslanday jigit bolsın dep qoyılǵan ismler."
Arıw,"shıraylı qız bolsın dep qoyılǵan ismler."
Arıwbiyke,"shıraylı qız bolsın dep qoyılǵan ismler."
Arıwjan,"ózi de, jan dúnyası da sulıw bolsın dep qoyılǵan ism."
Arıwxan,"1) gózzal qız bolsın dep qoyılǵan ism; 2) qızlardıń xanı bolıp júrsin dep qoyılǵan ism; 3) qıyat urıwınıń Arıwxan degen urannıń atına qoyılǵan ism; 4) qıyat urıwınıń sulıw qızı bolıp júrsin dep qoyılǵan ism."
Asal,"palday shiyrin, jaǵımlı, súykimli qız bolsın dep qoyılǵan ism."
Asan,"sulıw jigit bolsın dep qoyılǵan ismler."
Asanbay,"sulıw jigit bolsın dep qoyılǵan ismler."
Asqar,"1) ómir jolı, mártebesi tawday biyik jigit bolsın dep qoyılǵan ismler; 2) ákesiniń asqar tawı bolsın dep qoyılǵan ismler; 3) úyimizdiń asqar tawday tiregi, súyenishi bolsın dep qoyılǵan ismler; 4) perzentimiz kóbeysin, assın dep qoyılǵan ismler."
Asqarbay,"1) ómir jolı, mártebesi tawday biyik jigit bolsın dep qoyılǵan ismler; 2) ákesiniń asqar tawı bolsın dep qoyılǵan ismler; 3) úyimizdiń asqar tawday tiregi, súyenishi bolsın dep qoyılǵan ismler; 4) perzentimiz kóbeysin, assın dep qoyılǵan ismler."
Asqarbek,"1) ómir jolı, mártebesi tawday biyik jigit bolsın dep qoyılǵan ismler; 2) ákesiniń asqar tawı bolsın dep qoyılǵan ismler;"